{
  "club": {
    "name": "Thornhill Computer Club",
    "logo": "/assets/logo.png"
  },
  "navigation": [
    {
      "name": "About",
      "href": "about"
    },
    {
      "name": "Help",
      "href": "languages"
    },
    {
      "name": "Meet the Team",
      "href": "execs"
    }
  ],
  "callToAction": {
    "text": "Get Started",
    "href": "https://tssoj.ca/discord"
  },
  "mainHero": {
    "titles": [
      "Love coding?",
      "Wanna learn coding?",
      "Come hang out with other coders!",
      "Coding is great. So...",
      "Want to try something new?",
      "101001",
      "*bleep, bloop*",
      "Like that O(1) complexity?",
      "git gud.",
      "We spent too much time on this site.",
      "You really should ↴",
      "boo. scared ya!"
    ],
    "subtitle": "Join the Computer Club!",
    "description": "Computer Club at TSS is a place where you can learn n' talk about topics related to Computer Science, Programming, Tech, or anything you want really. Come join our community by clicking the links below! **We have meetings on Fridays after school (room 221), so you can just drop by as well.**",
    "img": "/assets/code-background.jpg",
    "primaryAction": {
      "text": "Hop in our Discord",
      "href": "https://tssoj.ca/discord"
    },
    "secondaryAction": {
      "text": "Join our Instagram group",
      "href": "https://www.instagram.com/tsscomputerclub/"
    }
  },
  "about": {
    "title": "At TCC",
    "info": [
      {
        "title": "Create something cool!",
        "description": "Are you already well-versed in coding? Want to take it further and build something? Join the **development** division, and we'll take you through how to create real-world applications & software!",
        "img": "/assets/about2.jpg"
      },
      {
        "title": "Think outside of the box...",
        "description": "Do solving puzzles pique your interest more? Want to know how to design intricate and useful algorithms? Join us in the **competitive** division, and we will guide you through the world of competitive programming!",
        "img": "/assets/about1.jpg"
      }
    ]
  },
  "languages": {
    "title": "Need help with coding?",
    "subtitle": "We're here to help!",
    "description": "We know coding can be tough sometimes, and we're here to help! Just hop in our weekly meetings, and we're sure we can clear up your questions. *Just keep in mind, we won't work on projects for you, but we can lend assistance when needed.*",
    "items": [
      {
        "name": "C / C++",
        "description": "A low-level and general-purpose programming language that is ideal for developing firmware or portable applications.",
        "icon": "/assets/cplusplus-logo.png"
      },
      {
        "name": "Python",
        "description": "A high-level and general-purpose programming language often used to build websites and software, automate tasks, and conduct data analysis.",
        "icon": "/assets/python-logo.png"
      },
      {
        "name": "Java",
        "description": "A general-purpose, class-based, object-oriented programming language designed for having lesser implementation dependencies.",
        "icon": "/assets/java-icon.png"
      },
      {
        "name": "Typescript",
        "description": "A strongly typed, object oriented, compiled programming language that is a superset of JavaScript.",
        "icon": "/assets/ts-icon.png"
      },
      {
        "name": "And others too!",
        "description": "Odds are, we'll be familiar with the problem that you're trying to solve. If not, we might be able to point you to where the solution might be :)",
        "icon": "/assets/question-icon.png"
      }
    ]
  },
  "execs": {
    "title": "Meet the Team",
    "details": [
      {
        "name": "Danyal Amini",
        "grade": "Grade 12",
        "position": "Executive",
        "languages": ["Competitive", "JavaScript", "C++", "Java"],
        "socials": {
          "instagram": "https://www.instagram.com/tsscomputerclub/",
          "github": "https://github.com/MysticalX99",
          "personalSite": "https://tssoj.ca/"
        }
      },
      {
        "name": "Adam Chen",
        "grade": "Grade 12",
        "position": "President",
        "languages": ["Competitive & Development", "C#", "Java", "C++"],
        "socials": {
          "instagram": "https://www.instagram.com/theadamchen/",
          "github": "https://github.com/encodeous",
          "personalSite": "https://encodeous.cc"
        }
      },
      {
        "name": "Timothy Ivtchenko",
        "grade": "Grade 12",
        "position": "Vice President",
        "languages": ["Development", "TypeScript", "C++", "Java"],
        "socials": {
          "instagram": "https://www.instagram.com/tim.ivtch/",
          "github": "https://github.com/Terra-rian",
          "personalSite": "https://tssoj.ca/"
        }
      },
      {
        "name": "Ryan Javid",
        "grade": "Grade 12",
        "position": "Executive",
        "languages": ["Competitive", "Python", "Java", "C++"],
        "socials": {
          "instagram": "https://www.instagram.com/ryanj_31/",
          "github": "https://github.com/Ryan-Sadeghi-Javid",
          "personalSite": "https://tssoj.ca/"
        }
      }
    ]
  },
  "alumni": {
    "title": "Meet the Alumni",
    "details": [
      {
        "name": "adam chen",
        "position": "President",
        "graduationYear": "69420",
        "university": "your mom",
        "program": "gender studies",
        "profilePicture": "https://cdn.discordapp.com/avatars/474727196980674561/b194a794474760216601b8e37629f507.png",
        "socials": {
          "instagram": "https://www.instagram.com/tsscomputerclub/",
          "github": "https://www.youtube.com/watch?v=dQw4w9WgXcQ",
          "personalSite": "https://tssoj.ca/"
        }
      }
    ]
  },
  "footer": {
    "sections": [
      {
        "name": "Back to Top",
        "href": "#"
      }
    ],
    "socialMedia": {
      "github": "https://github.com/ThornhillSS",
      "website": "https://tssoj.ca/",
      "discord": "https://discord.gg/C2feYBA"
    }
  }
}
